{"cameraMode":{"drawMode":0,"name":"Shaded","section":"Shading Mode"},"sceneLighting":true,"audioPlay":false,"sceneViewState":{"m_AlwaysRefresh":true,"showFog":true,"showSkybox":true,"showFlares":true,"showImageEffects":true,"showParticleSystems":true,"showVisualEffectGraphs":true,"m_FxEnabled":true},"in2DMode":false,"pivot":{"x":-17.815780639648439,"y":-0.6451888084411621,"z":-10.206271171569825},"rotation":{"x":-0.03431859239935875,"y":0.9528282284736633,"z":-0.11779244244098664,"w":-0.27760404348373415},"size":12.12435531616211,"orthographic":false}