{"cameraMode":{"drawMode":0,"name":"Shaded","section":"Shading Mode"},"sceneLighting":true,"audioPlay":false,"sceneViewState":{"m_AlwaysRefresh":true,"showFog":true,"showSkybox":true,"showFlares":true,"showImageEffects":true,"showParticleSystems":true,"showVisualEffectGraphs":true,"m_FxEnabled":true},"in2DMode":false,"pivot":{"x":0.21427395939826966,"y":4.649863243103027,"z":-9.252934455871582},"rotation":{"x":-0.011991229839622975,"y":-0.03748845309019089,"z":-0.0004498765047173947,"w":0.9992237687110901},"size":0.6199774742126465,"orthographic":false}